{
  "name": "AwesomeSlider",
  "framework": "React",
  "title": "Awesome Slider",
  "description": "React Awesome Slider is a 60fps, extendable, highly customisable, production ready javascript react component that renders an animated set of UI gallery sliders.",
  "icon": "react-js",
  "size": "~7KB compressed",
  "repository": "https://github.com/rcaferati/react-awesome-slider",
  "article": "//caferati.me/labs/awesome-slider",
  "domain": "",
  "themes": [
    {
      "name": "Basic Usage",
      "slug": "images"
    },
    {
      "name": "Scale-out animation",
      "slug": "scaling"
    },
    {
      "name": "Fold-out animation",
      "slug": "fold"
    },
    {
      "name": "Cube animation",
      "slug": "cube"
    },
    {
      "name": "Open animation",
      "slug": "open"
    },
    {
      "name": "Fall animation",
      "slug": "fall"
    },
    {
      "name": "Captioned images HOC",
      "slug": "captioned"
    },
    {
      "name": "Smooth lettering HOC",
      "slug": "lettering"
    },
    {
      "name": "Autoplay HOC",
      "slug": "autoplay"
    }
  ]
}
